Country Name,Country Code,Year,GDP,Economic Freedom Index,Democracy Score
Aruba,ABW,2011,25324.7203625,,
Afghanistan,AFG,2011,603.537023062,,2.48
Angola,AGO,2011,4299.01288878,5.13,3.32
Albania,ALB,2011,4437.17806844,7.25,5.81
Andorra,AND,2011,40919.1832786,,
Arab World,ARB,2011,6856.59367846,,
United Arab Emirates,ARE,2011,40462.3120904,,2.58
Argentina,ARG,2011,12726.9083595,5.67,6.84
Armenia,ARM,2011,3526.97814268,7.71,4.09
American Samoa,ASM,2011,10375.9942155,,
Antigua and Barbuda,ATG,2011,11929.3499143,,
Australia,AUS,2011,62245.1002921,7.93,9.22
Austria,AUT,2011,51126.7413919,7.57,8.49
Azerbaijan,AZE,2011,7189.69122921,6.19,3.15
Burundi,BDI,2011,260.479907338,5.3,4.01
Belgium,BEL,2011,47702.7741453,7.31,8.05
Benin,BEN,2011,825.942785363,6.05,6.06
Burkina Faso,BFA,2011,666.840278277,5.95,3.59
Bangladesh,BGD,2011,835.789340127,6.41,5.86
Bulgaria,BGR,2011,7813.80349946,7.38,6.78
Bahrain,BHR,2011,22810.1024186,7.76,2.92
"Bahamas, The",BHS,2011,21523.9737238,,
Bosnia and Herzegovina,BIH,2011,5050.15683437,6.73,
Belarus,BLR,2011,6519.71075337,,3.16
Belize,BLZ,2011,4516.24674962,6.6,
Bermuda,BMU,2011,85973.1584165,,
Bolivia,BOL,2011,2377.67591794,6.39,5.84
Brazil,BRA,2011,13167.4728918,6.58,7.12
Barbados,BRB,2011,15534.1570415,,
Brunei Darussalam,BRN,2011,47017.0273005,7.03,
Bhutan,BTN,2011,2458.04597615,,4.57
Botswana,BWA,2011,7645.21460862,7.23,7.63
Central African Republic,CAF,2011,494.330677887,,1.82
Canada,CAN,2011,52082.2107601,7.87,9.08
Switzerland,CHE,2011,87998.4446849,8.23,9.09
Channel Islands,CHI,2011,,,
Chile,CHL,2011,14705.692421,7.94,7.54
China,CHN,2011,5633.79610636,6.32,3.14
Cote d'Ivoire,CIV,2011,1214.70394645,5.86,
Cameroon,CMR,2011,1295.64972574,6.33,3.41
"Congo, Dem. Rep.",COD,2011,357.483493772,,
"Congo, Rep.",COG,2011,3196.64753357,,
Colombia,COL,2011,7227.73967983,6.6,6.63
Comoros,COM,2011,829.758688479,,3.52
Cabo Verde,CPV,2011,3670.4294526,,
Costa Rica,CRI,2011,9186.59638993,7.61,8.1
Cuba,CUB,2011,6075.92430626,,3.52
Curacao,CUW,2011,,,
Cayman Islands,CYM,2011,,,
Cyprus,CYP,2011,32233.8394247,7.69,7.29
Czech Republic,CZE,2011,21717.4579392,,8.19
Germany,DEU,2011,46810.3279588,7.6,8.34
Djibouti,DJI,2011,1430.98689833,,2.68
Dominica,DMA,2011,6985.53232672,,
Denmark,DNK,2011,61753.6600722,7.64,9.52
Dominican Republic,DOM,2011,5759.06429999,,6.2
Algeria,DZA,2011,5432.25020268,5.2,3.44
Ecuador,ECU,2011,5223.3517632,5.84,5.72
"Egypt, Arab Rep.",EGY,2011,2747.48032671,,
Euro area,EMU,2011,40613.2203787,,
Eritrea,ERI,2011,582.775530237,,2.34
Spain,ESP,2011,31834.2181563,7.4,8.02
Estonia,EST,2011,17454.8434246,7.68,7.61
Ethiopia,ETH,2011,354.846354369,5.21,3.79
Finland,FIN,2011,50790.7241455,7.8,9.06
Fiji,FJI,2011,4353.12139241,7.15,3.67
France,FRA,2011,43810.2008801,7.29,7.77
Faroe Islands,FRO,2011,50788.9394334,,
"Micronesia, Fed. Sts.",FSM,2011,2998.87404801,,
Gabon,GAB,2011,10716.2025831,5.58,3.48
United Kingdom,GBR,2011,41240.4248559,7.81,8.16
Georgia,GEO,2011,3725.06322122,7.62,4.74
Ghana,GHA,2011,1574.97865331,6.77,6.02
Gibraltar,GIB,2011,,,
Guinea,GIN,2011,459.200901245,,2.79
"Gambia, The",GMB,2011,517.794206254,7.07,
Guinea-Bissau,GNB,2011,692.600998897,5.74,1.99
Equatorial Guinea,GNQ,2011,21451.8861709,,1.77
Greece,GRC,2011,25916.2935289,6.68,7.65
Grenada,GRD,2011,7410.40843842,,
Greenland,GRL,2011,44212.4411398,,
Guatemala,GTM,2011,3187.84529589,7.33,5.88
Guam,GUM,2011,30862.1099964,,
Guyana,GUY,2011,3439.59751346,6.35,6.05
"Hong Kong SAR, China",HKG,2011,35142.4879345,,
Honduras,HND,2011,2120.58479782,7.33,5.84
Croatia,HRV,2011,14539.1842057,6.91,6.73
Haiti,HTI,2011,740.935845216,6.62,4.0
Hungary,HUN,2011,14048.8795825,7.36,7.04
Indonesia,IDN,2011,3634.27680452,6.91,6.53
Isle of Man,IMN,2011,75117.9942037,,
India,IND,2011,1461.67195734,6.6,7.3
Ireland,IRL,2011,52567.5256792,7.75,8.56
"Iran, Islamic Rep.",IRN,2011,7842.43467287,,
Iraq,IRQ,2011,5854.61449711,,4.03
Iceland,ISL,2011,46000.0201705,6.76,9.65
Israel,ISR,2011,33657.1572746,7.32,7.53
Italy,ITA,2011,38334.68477,7.18,7.74
Jamaica,JAM,2011,5103.54948702,7.03,7.13
Jordan,JOR,2011,3807.32414492,7.77,3.89
Japan,JPN,2011,48167.9972685,7.44,8.08
Kazakhstan,KAZ,2011,11634.4242158,6.98,3.24
Kenya,KEN,2011,987.445396712,6.98,4.71
Kyrgyz Republic,KGZ,2011,1123.88316806,6.66,4.34
Cambodia,KHM,2011,882.490146161,7.0,4.87
Kiribati,KIR,2011,1692.61327703,,
St. Kitts and Nevis,KNA,2011,14483.4435058,,
"Korea, Rep.",KOR,2011,24079.7885239,,
Kuwait,KWT,2011,48268.5912046,7.21,3.74
Lao PDR,LAO,2011,1304.38401463,,
Lebanon,LBN,2011,8734.90065316,7.32,5.32
Liberia,LBR,2011,379.689580305,,5.07
Libya,LBY,2011,5602.54943425,,3.55
St. Lucia,LCA,2011,7367.02039261,,
Low income,LIC,2011,568.610291301,,
Liechtenstein,LIE,2011,158283.07626,,
Sri Lanka,LKA,2011,3220.9926149,6.65,6.58
Lower middle income,LMC,2011,1882.93822665,,
Low & middle income,LMY,2011,4172.60969099,,
Lesotho,LSO,2011,1352.38430261,6.26,6.33
Late-demographic dividend,LTE,2011,7501.29852279,,
Lithuania,LTU,2011,14357.7367898,7.45,7.24
Luxembourg,LUX,2011,115761.507705,7.43,8.88
Latvia,LVA,2011,13702.6894696,7.24,7.05
"Macao SAR, China",MAC,2011,66813.349741,,
St. Martin (French part),MAF,2011,,,
Morocco,MAR,2011,3039.91601556,6.56,3.83
Monaco,MCO,2011,162009.877819,,
Moldova,MDA,2011,1970.57137253,6.72,6.33
Madagascar,MDG,2011,454.963463976,6.24,3.93
Maldives,MDV,2011,6497.55044275,,
Middle East & North Africa,MEA,2011,8299.19513082,,
Mexico,MEX,2011,9834.47268851,6.72,6.93
Marshall Islands,MHL,2011,3286.41658102,,
Middle income,MIC,2011,4573.46908323,,
"Macedonia, FYR",MKD,2011,5064.041106,,
Mali,MLI,2011,835.08890976,5.91,6.36
Malta,MLT,2011,22821.8406973,7.65,8.28
Myanmar,MMR,2011,1186.42393739,4.24,1.77
Montenegro,MNE,2011,7318.74244854,7.13,6.15
Mongolia,MNG,2011,3769.59525505,7.12,6.23
Northern Mariana Islands,MNP,2011,13628.0816569,,
Mozambique,MOZ,2011,526.531351664,5.82,4.9
Mauritania,MRT,2011,1393.26159314,5.64,4.17
Mauritius,MUS,2011,9197.02697152,8.0,8.04
Malawi,MWI,2011,512.125405055,6.37,5.84
Malaysia,MYS,2011,10405.1206191,7.03,6.19
North America,NAC,2011,50024.8202954,,
Namibia,NAM,2011,5600.97139163,6.39,6.24
New Caledonia,NCL,2011,,,
Niger,NER,2011,375.581986601,6.01,4.16
Nigeria,NGA,2011,2527.94200279,6.39,3.83
Nicaragua,NIC,2011,1682.95792434,7.37,5.56
Netherlands,NLD,2011,53540.6053554,7.51,8.99
Norway,NOR,2011,100574.986143,7.5,9.8
Nepal,NPL,2011,692.116684217,6.23,4.24
Nauru,NRU,2011,7233.94660894,,
New Zealand,NZL,2011,38426.5508078,8.15,9.26
Oman,OMN,2011,20986.0003574,7.17,3.26
Other small states,OSS,2011,14720.7919923,,
Pakistan,PAK,2011,1226.2153139,6.34,4.55
Panama,PAN,2011,9270.72317089,7.12,7.08
Peru,PER,2011,5771.56587815,7.59,6.59
Philippines,PHL,2011,2352.5181559,7.35,6.12
Palau,PLW,2011,9704.35458032,,
Papua New Guinea,PNG,2011,1770.86711852,,6.32
Poland,POL,2011,13893.1876787,7.22,7.12
Puerto Rico,PRI,2011,27278.8748949,,
"Korea, Dem. People’s Rep.",PRK,2011,,,
Portugal,PRT,2011,23196.1837501,7.22,7.81
Paraguay,PRY,2011,3988.01189378,6.81,6.4
West Bank and Gaza,PSE,2011,2664.95138464,,
French Polynesia,PYF,2011,,,
Qatar,QAT,2011,85948.0704557,7.47,3.18
Romania,ROU,2011,9200.2778247,7.33,6.54
Russian Federation,RUS,2011,14212.0608741,,
Rwanda,RWA,2011,617.310764782,7.45,3.25
South Asia,SAS,2011,1373.64942516,,
Saudi Arabia,SAU,2011,23770.7473863,7.09,1.77
Sudan,SDN,2011,1666.85775737,,2.38
Senegal,SEN,2011,1080.25302135,5.99,5.51
Singapore,SGP,2011,53166.6758056,8.66,5.89
Solomon Islands,SLB,2011,1642.83797436,,
Sierra Leone,SLE,2011,445.052005,6.28,4.51
El Salvador,SLV,2011,3736.58713036,7.15,6.47
San Marino,SMR,2011,,,
Somalia,SOM,2011,,,
Serbia,SRB,2011,6423.29178335,6.73,6.33
South Sudan,SSD,2011,1706.0907133,,
Sub-Saharan Africa,SSF,2011,1700.13727205,,
Small states,SST,2011,12973.1378894,,
Sao Tome and Principe,STP,2011,1304.32618929,,
Suriname,SUR,2011,8318.97691974,6.51,6.65
Slovak Republic,SVK,2011,18187.1574419,,
Slovenia,SVN,2011,24985.2482718,6.57,7.76
Sweden,SWE,2011,59593.287112,7.5,9.5
Swaziland,SWZ,2011,3934.2730251,6.8,3.26
Sint Maarten (Dutch part),SXM,2011,,,
Seychelles,SYC,2011,12189.0951601,,
Syrian Arab Republic,SYR,2011,,,
Turks and Caicos Islands,TCA,2011,,,
Chad,TCD,2011,989.236363298,5.07,1.62
Togo,TGO,2011,562.339359225,5.45,3.45
Thailand,THA,2011,5491.15998143,6.58,6.55
Tajikistan,TJK,2011,834.541295306,6.45,2.51
Turkmenistan,TKM,2011,5649.97848563,,1.72
Timor-Leste,TLS,2011,1014.56178973,6.4,7.22
Tonga,TON,2011,4045.01886643,,
Trinidad and Tobago,TTO,2011,19053.970672,,7.16
Tunisia,TUN,2011,4256.91278981,6.58,5.53
Turkey,TUR,2011,11341.1339493,7.07,5.73
Tuvalu,TUV,2011,3698.91009629,,
Tanzania,TZA,2011,733.412806542,6.84,5.64
Uganda,UGA,2011,584.396213681,7.14,5.13
Ukraine,UKR,2011,3569.7570274,6.19,5.94
Upper middle income,UMC,2011,7605.95748394,,
Uruguay,URY,2011,14166.4990836,7.37,8.17
United States,USA,2011,49790.6654782,7.7,8.11
Uzbekistan,UZB,2011,1564.96694511,,1.74
St. Vincent and the Grenadines,VCT,2011,6183.67682212,,
"Venezuela, RB",VEN,2011,10741.576384,,
British Virgin Islands,VGB,2011,,,
Virgin Islands (U.S.),VIR,2011,40072.2226424,,
Vietnam,VNM,2011,1542.6704361,6.26,2.96
Vanuatu,VUT,2011,3275.09168391,,
World,WLD,2011,10443.939966,,
Samoa,WSM,2011,3942.0098267,,
Kosovo,XKX,2011,3712.61366605,,
"Yemen, Rep.",YEM,2011,1349.42024979,6.39,
South Africa,ZAF,2011,8049.95422377,6.8,7.79
Zambia,ZMB,2011,1644.61967241,7.11,6.19
Zimbabwe,ZWE,2011,839.092793603,4.99,2.68
Aruba,ABW,2012,,,
Afghanistan,AFG,2012,669.009050888,,2.48
Angola,AGO,2012,4598.24998765,5.32,3.35
Albania,ALB,2012,4247.61430826,7.21,5.67
Andorra,AND,2012,38167.0957462,,
Arab World,ARB,2012,7341.239892,,
United Arab Emirates,ARE,2012,42112.2356484,,2.58
Argentina,ARG,2012,12969.7071239,5.15,6.84
Armenia,ARM,2012,3684.80481033,7.75,4.09
American Samoa,ASM,2012,11660.3295311,,
Antigua and Barbuda,ATG,2012,12565.4419726,,
Australia,AUS,2012,67677.6347663,7.87,9.22
Austria,AUT,2012,48333.5727267,7.54,8.62
Azerbaijan,AZE,2012,7496.335728,6.36,3.15
Burundi,BDI,2012,265.285605131,5.32,3.6
Belgium,BEL,2012,44740.5717022,7.28,8.05
Benin,BEN,2012,837.950500075,5.81,6.0
Burkina Faso,BFA,2012,673.822700024,5.83,3.52
Bangladesh,BGD,2012,856.342857027,6.33,5.86
Bulgaria,BGR,2012,7378.02553944,7.38,6.72
Bahrain,BHR,2012,23649.3666139,7.57,2.53
"Bahamas, The",BHS,2012,22575.5901935,,
Bosnia and Herzegovina,BIH,2012,4716.67332542,6.83,
Belarus,BLR,2012,6940.24391508,,3.04
Belize,BLZ,2012,4673.63848043,6.63,
Bermuda,BMU,2012,85458.4555079,,
Bolivia,BOL,2012,2645.2277526,6.48,5.84
Brazil,BRA,2012,12291.4668523,6.55,7.12
Barbados,BRB,2012,15384.8749046,,
Brunei Darussalam,BRN,2012,47651.2590896,7.18,
Bhutan,BTN,2012,2422.00801578,,4.65
Botswana,BWA,2012,7029.23145314,7.27,7.85
Central African Republic,CAF,2012,486.410113966,,1.99
Canada,CAN,2012,52496.6948705,7.9,9.08
Switzerland,CHE,2012,83164.3879543,8.19,9.09
Channel Islands,CHI,2012,,,
Chile,CHL,2012,15431.9029324,7.83,7.54
China,CHN,2012,6337.88299269,6.39,3.0
Cote d'Ivoire,CIV,2012,1262.48021812,5.82,
Cameroon,CMR,2012,1255.64818919,6.38,3.44
"Congo, Dem. Rep.",COD,2012,398.140694831,,
"Congo, Rep.",COG,2012,2952.05234807,,
Colombia,COL,2012,7884.98442883,6.59,6.63
Comoros,COM,2012,788.632652955,,3.52
Cabo Verde,CPV,2012,3408.48276238,,
Costa Rica,CRI,2012,9985.3695897,7.57,8.1
Cuba,CUB,2012,6425.94111866,,3.52
Curacao,CUW,2012,,,
Cayman Islands,CYM,2012,,,
Cyprus,CYP,2012,28951.1555599,7.49,7.29
Czech Republic,CZE,2012,19729.8705112,,8.19
Germany,DEU,2012,44065.2489083,7.54,8.34
Djibouti,DJI,2012,1536.15068518,,2.74
Dominica,DMA,2012,6744.56710611,,
Denmark,DNK,2012,58507.5002096,7.5,9.52
Dominican Republic,DOM,2012,5968.87676664,,6.49
Algeria,DZA,2012,5564.82565958,5.14,3.83
Ecuador,ECU,2012,5702.10431277,6.01,5.78
"Egypt, Arab Rep.",EGY,2012,3181.4417083,,
Euro area,EMU,2012,37593.1541639,,
Eritrea,ERI,2012,,,2.4
Spain,ESP,2012,28562.2932405,7.3,8.02
Estonia,EST,2012,17421.8902227,7.61,7.61
Ethiopia,ETH,2012,468.506724908,5.65,3.72
Finland,FIN,2012,47415.5598711,7.74,9.06
Fiji,FJI,2012,4546.73850445,7.06,3.67
France,FRA,2012,40838.0244368,7.22,7.88
Faroe Islands,FRO,2012,48422.0075432,,
"Micronesia, Fed. Sts.",FSM,2012,3148.07493503,,
Gabon,GAB,2012,9774.18101734,5.53,3.56
United Kingdom,GBR,2012,41538.3072617,7.83,8.21
Georgia,GEO,2012,4142.86917537,7.78,5.53
Ghana,GHA,2012,1629.80022223,6.46,6.02
Gibraltar,GIB,2012,,,
Guinea,GIN,2012,502.348564623,,2.79
"Gambia, The",GMB,2012,506.385343295,6.93,
Guinea-Bissau,GNB,2012,607.751883291,6.09,1.43
Equatorial Guinea,GNQ,2012,21557.6527999,,1.83
Greece,GRC,2012,22242.6819348,6.66,7.65
Grenada,GRD,2012,7583.18700191,,
Greenland,GRL,2012,42398.6336726,,
Guatemala,GTM,2012,3299.60513936,7.33,5.88
Guam,GUM,2012,32499.2342458,,
Guyana,GUY,2012,3785.93566508,6.35,6.05
"Hong Kong SAR, China",HKG,2012,36707.7742283,,
Honduras,HND,2012,2178.38302476,7.21,5.84
Croatia,HRV,2012,13235.9775702,6.94,6.93
Haiti,HTI,2012,766.843762319,6.46,3.96
Hungary,HUN,2012,12834.3234884,7.3,6.96
Indonesia,IDN,2012,3687.95399646,6.89,6.76
Isle of Man,IMN,2012,79028.0449846,,
India,IND,2012,1446.98540954,6.59,7.52
Ireland,IRL,2012,49231.3625444,7.9,8.56
"Iran, Islamic Rep.",IRN,2012,7680.60064377,,
Iraq,IRQ,2012,6651.12241981,,4.1
Iceland,ISL,2012,44333.8501759,6.83,9.65
Israel,ISR,2012,32569.5968257,7.34,7.53
Italy,ITA,2012,34814.1243594,7.18,7.74
Jamaica,JAM,2012,5210.30336324,7.18,7.39
Jordan,JOR,2012,3870.75321122,7.86,3.76
Japan,JPN,2012,48603.4766498,7.6,8.08
Kazakhstan,KAZ,2012,12387.1898225,7.11,2.95
Kenya,KEN,2012,1155.02058182,7.14,4.71
Kyrgyz Republic,KGZ,2012,1177.97473488,6.58,4.69
Cambodia,KHM,2012,950.024413174,6.96,4.96
Kiribati,KIR,2012,1763.81549743,,
St. Kitts and Nevis,KNA,2012,13965.558112,,
"Korea, Rep.",KOR,2012,24358.7821758,,
Kuwait,KWT,2012,51264.0713359,7.24,3.78
Lao PDR,LAO,2012,1588.63586575,,
Lebanon,LBN,2012,8787.94660774,7.13,5.05
Liberia,LBR,2012,415.036195796,,4.95
Libya,LBY,2012,,,5.15
St. Lucia,LCA,2012,7428.80663144,,
Low income,LIC,2012,595.535808969,,
Liechtenstein,LIE,2012,149295.646044,,
Sri Lanka,LKA,2012,3350.52137495,6.63,5.75
Lower middle income,LMC,2012,1944.64815499,,
Low & middle income,LMY,2012,4378.24869449,,
Lesotho,LSO,2012,1281.50016048,6.25,6.66
Late-demographic dividend,LTE,2012,7965.66924645,,
Lithuania,LTU,2012,14341.0830628,7.46,7.24
Luxembourg,LUX,2012,106749.013623,7.4,8.88
Latvia,LVA,2012,13822.805594,7.33,7.05
"Macao SAR, China",MAC,2012,76496.366185,,
St. Martin (French part),MAF,2012,,,
Morocco,MAR,2012,2904.74672773,6.44,4.07
Monaco,MCO,2012,,,
Moldova,MDA,2012,2046.53678665,6.67,6.32
Madagascar,MDG,2012,443.906100112,6.53,3.93
Maldives,MDV,2012,6541.07046499,,
Middle East & North Africa,MEA,2012,8689.33440433,,
Mexico,MEX,2012,9820.53257158,6.75,6.9
Marshall Islands,MHL,2012,3513.96236447,,
Middle income,MIC,2012,4803.85863976,,
"Macedonia, FYR",MKD,2012,4698.68947598,,
Mali,MLI,2012,777.347686759,5.83,5.12
Malta,MLT,2012,21930.8083577,7.62,8.28
Myanmar,MMR,2012,1171.50825746,5.15,2.35
Montenegro,MNE,2012,6586.71920899,7.24,6.05
Mongolia,MNG,2012,4368.08224755,6.99,6.35
Northern Mariana Islands,MNP,2012,13980.4162478,,
Mozambique,MOZ,2012,566.051387255,5.99,4.88
Mauritania,MRT,2012,1364.28374502,5.69,4.17
Mauritius,MUS,2012,9291.22761862,8.09,8.17
Malawi,MWI,2012,374.501880193,6.02,6.08
Malaysia,MYS,2012,10779.4964087,7.0,6.41
North America,NAC,2012,51560.7046401,,
Namibia,NAM,2012,5749.40475248,6.64,6.24
New Caledonia,NCL,2012,,,
Niger,NER,2012,391.515502438,5.7,4.16
Nigeria,NGA,2012,2755.29778741,6.28,3.77
Nicaragua,NIC,2012,1792.03804485,7.44,5.56
Netherlands,NLD,2012,49474.7056064,7.46,8.99
Norway,NOR,2012,101563.702678,7.52,9.93
Nepal,NPL,2012,681.792586818,6.23,4.16
Nauru,NRU,2012,10099.4220024,,
New Zealand,NZL,2012,39970.2562445,8.24,9.26
Oman,OMN,2012,22134.9100562,7.3,3.26
Other small states,OSS,2012,15017.676294,,
Pakistan,PAK,2012,1261.20896743,6.26,4.57
Panama,PAN,2012,10589.8271321,7.33,7.08
Peru,PER,2012,6387.78528051,7.53,6.47
Philippines,PHL,2012,2581.81855367,6.9,6.3
Palau,PLW,2012,10318.9131901,,
Papua New Guinea,PNG,2012,2071.31874144,,6.32
Poland,POL,2012,13145.1048416,7.3,7.12
Puerto Rico,PRI,2012,27811.5481465,,
"Korea, Dem. People’s Rep.",PRK,2012,,,
Portugal,PRT,2012,20577.4026376,7.25,7.92
Paraguay,PRY,2012,3855.53773491,6.91,6.26
West Bank and Gaza,PSE,2012,2787.16973803,,
French Polynesia,PYF,2012,,,
Qatar,QAT,2012,88564.8229796,7.75,3.18
Romania,ROU,2012,8558.39760562,7.41,6.54
Russian Federation,RUS,2012,15154.4568727,,
Rwanda,RWA,2012,678.079697292,7.3,3.36
South Asia,SAS,2012,1370.34600375,,
Saudi Arabia,SAU,2012,25303.0946209,6.84,1.71
Sudan,SDN,2012,1892.89435161,,2.38
Senegal,SEN,2012,1036.40501833,6.01,6.09
Singapore,SGP,2012,54431.16199,8.54,5.88
Solomon Islands,SLB,2012,1858.68986798,,
Sierra Leone,SLE,2012,561.898423858,6.38,4.71
El Salvador,SLV,2012,3827.78626661,7.19,6.47
San Marino,SMR,2012,,,
Somalia,SOM,2012,,,
Serbia,SRB,2012,5659.38020404,6.65,6.33
South Sudan,SSD,2012,958.455008128,,
Sub-Saharan Africa,SSF,2012,1735.38586456,,
Small states,SST,2012,13270.0507135,,
Sao Tome and Principe,STP,2012,1380.94995917,,
Suriname,SUR,2012,9272.41345282,6.81,6.65
Slovak Republic,SVK,2012,17274.6423041,,
Slovenia,SVN,2012,22486.4716703,6.56,7.88
Sweden,SWE,2012,57134.0770682,7.41,9.73
Swaziland,SWZ,2012,3851.5015471,6.61,3.2
Sint Maarten (Dutch part),SXM,2012,,,
Seychelles,SYC,2012,12845.1736316,,
Syrian Arab Republic,SYR,2012,,,
Turks and Caicos Islands,TCA,2012,,,
Chad,TCD,2012,973.470257399,4.85,1.62
Togo,TGO,2012,563.689424744,5.22,3.45
Thailand,THA,2012,5859.9156221,6.56,6.55
Tajikistan,TJK,2012,954.720525256,6.66,2.51
Turkmenistan,TKM,2012,6675.26295438,,1.72
Timor-Leste,TLS,2012,1117.77723988,6.32,7.16
Tonga,TON,2012,4501.54246241,,
Trinidad and Tobago,TTO,2012,19152.0530068,,6.99
Tunisia,TUN,2012,4137.55402148,6.58,5.67
Turkey,TUR,2012,11720.3084269,7.03,5.76
Tuvalu,TUV,2012,3718.01871077,,
Tanzania,TZA,2012,820.156289804,6.71,5.88
Uganda,UGA,2012,647.704741019,7.22,5.16
Ukraine,UKR,2012,3855.42128013,6.29,5.91
Upper middle income,UMC,2012,8050.14590242,,
Uruguay,URY,2012,15092.0681933,7.33,8.17
United States,USA,2012,51450.1222951,7.82,8.11
Uzbekistan,UZB,2012,1740.46829798,,1.72
St. Vincent and the Grenadines,VCT,2012,6338.11778081,,
"Venezuela, RB",VEN,2012,12755.0000819,,
British Virgin Islands,VGB,2012,,,
Virgin Islands (U.S.),VIR,2012,38898.1239611,,
Vietnam,VNM,2012,1754.54797386,6.42,2.89
Vanuatu,VUT,2012,3158.58688044,,
World,WLD,2012,10539.3919775,,
Samoa,WSM,2012,4234.55444296,,
Kosovo,XKX,2012,3586.15376955,,
"Yemen, Rep.",YEM,2012,1421.17157469,6.46,
South Africa,ZAF,2012,7548.16369793,6.77,7.79
Zambia,ZMB,2012,1734.93061223,7.13,6.26
Zimbabwe,ZWE,2012,955.648465966,5.06,2.67
Aruba,ABW,2013,,,
Afghanistan,AFG,2013,631.744970642,,2.48
Angola,AGO,2013,4804.61688355,5.21,3.35
Albania,ALB,2013,4414.72313957,7.27,5.67
Andorra,AND,2013,40215.4353174,,
Arab World,ARB,2013,7435.88912093,,
United Arab Emirates,ARE,2013,43350.6426817,,2.52
Argentina,ARG,2013,12976.6364245,5.01,6.84
Armenia,ARM,2013,3843.59121309,7.7,4.02
American Samoa,ASM,2013,11553.6912145,,
Antigua and Barbuda,ATG,2013,12224.8641551,,
Australia,AUS,2013,67792.3038621,7.83,9.13
Austria,AUT,2013,50504.7153222,7.51,8.48
Azerbaijan,AZE,2013,7875.75695254,6.34,3.06
Burundi,BDI,2013,282.755525208,6.05,3.41
Belgium,BEL,2013,46510.3864702,7.26,8.05
Benin,BEN,2013,915.267458596,6.14,5.87
Burkina Faso,BFA,2013,699.045284668,6.08,4.15
Bangladesh,BGD,2013,951.889453456,6.42,5.86
Bulgaria,BGR,2013,7674.86055914,7.35,6.83
Bahrain,BHR,2013,25010.1832908,7.55,2.87
"Bahamas, The",BHS,2013,22590.3933835,,
Bosnia and Herzegovina,BIH,2013,5035.86555009,7.0,
Belarus,BLR,2013,7978.8254426,,3.04
Belize,BLZ,2013,4688.53844344,6.44,
Bermuda,BMU,2013,85748.0654144,,
Bolivia,BOL,2013,2947.93852628,6.52,5.79
Brazil,BRA,2013,12216.9044643,6.35,7.12
Barbados,BRB,2013,15472.7813981,,
Brunei Darussalam,BRN,2013,44597.2796815,7.17,
Bhutan,BTN,2013,2350.88288924,7.04,4.82
Botswana,BWA,2013,7007.62578328,7.19,7.98
Central African Republic,CAF,2013,337.484961398,,1.49
Canada,CAN,2013,52413.7211561,7.92,9.08
Switzerland,CHE,2013,84658.8876758,8.17,9.09
Channel Islands,CHI,2013,,,
Chile,CHL,2013,15941.3972192,7.86,7.8
China,CHN,2013,7077.77059385,6.45,3.0
Cote d'Ivoire,CIV,2013,1423.68228223,5.73,
Cameroon,CMR,2013,1365.34419,6.34,3.41
"Congo, Dem. Rep.",COD,2013,420.870490031,,
"Congo, Rep.",COG,2013,2964.57315159,,
Colombia,COL,2013,8030.58603049,6.62,6.55
Comoros,COM,2013,834.34109489,,3.52
Cabo Verde,CPV,2013,3558.79631355,,
Costa Rica,CRI,2013,10569.6663144,7.53,8.03
Cuba,CUB,2013,6760.15343975,,3.52
Curacao,CUW,2013,,,
Cayman Islands,CYM,2013,,,
Cyprus,CYP,2013,27907.9673627,7.05,7.29
Czech Republic,CZE,2013,19916.0193874,,8.06
Germany,DEU,2013,46530.9114276,7.54,8.31
Djibouti,DJI,2013,1622.63797441,,2.96
Dominica,DMA,2013,7022.75066503,,
Denmark,DNK,2013,61191.192626,7.59,9.38
Dominican Republic,DOM,2013,6027.05554404,,6.74
Algeria,DZA,2013,5471.86676585,5.19,3.83
Ecuador,ECU,2013,6074.09082896,6.02,5.87
"Egypt, Arab Rep.",EGY,2013,3213.38915791,,
Euro area,EMU,2013,39097.590639,,
Eritrea,ERI,2013,,,2.4
Spain,ESP,2013,29210.0934235,7.27,8.02
Estonia,EST,2013,19029.7745979,7.6,7.61
Ethiopia,ETH,2013,502.153588732,5.68,3.83
Finland,FIN,2013,49638.0771298,7.6,9.03
Fiji,FJI,2013,4763.06895558,6.9,3.61
France,FRA,2013,42554.1220542,7.16,7.92
Faroe Islands,FRO,2013,53612.7134487,,
"Micronesia, Fed. Sts.",FSM,2013,3044.5468747,,
Gabon,GAB,2013,9679.74299512,5.56,3.76
United Kingdom,GBR,2013,42407.3710146,7.88,8.31
Georgia,GEO,2013,4274.37685703,7.87,5.95
Ghana,GHA,2013,1814.49229702,6.55,6.33
Gibraltar,GIB,2013,,,
Guinea,GIN,2013,540.169320425,5.13,2.84
"Gambia, The",GMB,2013,486.079524712,7.09,
Guinea-Bissau,GNB,2013,610.566304703,6.07,1.26
Equatorial Guinea,GNQ,2013,20246.9930827,,1.77
Greece,GRC,2013,21874.8195042,6.88,7.65
Grenada,GRD,2013,7955.61598479,,
Greenland,GRL,2013,43967.150155,,
Guatemala,GTM,2013,3452.8289337,7.49,5.81
Guam,GUM,2013,33446.609509,,
Guyana,GUY,2013,3944.17817328,6.07,6.05
"Hong Kong SAR, China",HKG,2013,38357.8267596,,
Honduras,HND,2013,2136.77390503,7.17,5.84
Croatia,HRV,2013,13574.7400891,6.89,6.93
Haiti,HTI,2013,810.265607302,6.83,3.94
Hungary,HUN,2013,13613.601469,7.26,6.96
Indonesia,IDN,2013,3620.6639811,7.02,6.82
Isle of Man,IMN,2013,82356.8233665,,
India,IND,2013,1452.19537323,6.63,7.69
Ireland,IRL,2013,52034.7673577,7.92,8.68
"Iran, Islamic Rep.",IRN,2013,6607.06835375,,
Iraq,IRQ,2013,6925.22404568,,4.1
Iceland,ISL,2013,47810.308882,6.88,9.65
Israel,ISR,2013,36393.6693205,7.36,7.53
Italy,ITA,2013,35370.2744119,7.12,7.85
Jamaica,JAM,2013,5006.14495151,7.33,7.39
Jordan,JOR,2013,3992.86710705,7.93,3.76
Japan,JPN,2013,40454.4474579,7.46,8.08
Kazakhstan,KAZ,2013,13890.8560078,7.25,3.06
Kenya,KEN,2013,1229.11479787,7.15,5.13
Kyrgyz Republic,KGZ,2013,1282.43716202,6.87,4.69
Cambodia,KHM,2013,1028.41956811,7.2,4.6
Kiribati,KIR,2013,1724.36173659,,
St. Kitts and Nevis,KNA,2013,14823.748592,,
"Korea, Rep.",KOR,2013,25890.0186699,,
Kuwait,KWT,2013,48399.9058087,7.17,3.78
Lao PDR,LAO,2013,1838.79477852,,
Lebanon,LBN,2013,8406.2851534,7.06,5.05
Liberia,LBR,2013,454.122223619,,4.95
Libya,LBY,2013,,4.56,4.82
St. Lucia,LCA,2013,7503.42812926,,
Low income,LIC,2013,624.751940537,,
Liechtenstein,LIE,2013,173528.150454,,
Sri Lanka,LKA,2013,3610.28937355,6.58,5.69
Lower middle income,LMC,2013,1998.73661695,,
Low & middle income,LMY,2013,4587.09920342,,
Lesotho,LSO,2013,1196.01334986,6.38,6.66
Late-demographic dividend,LTE,2013,8526.59195741,,
Lithuania,LTU,2013,15712.8237626,7.62,7.54
Luxembourg,LUX,2013,113751.800464,7.51,8.88
Latvia,LVA,2013,15032.2292373,7.43,7.05
"Macao SAR, China",MAC,2013,89524.8443607,,
St. Martin (French part),MAF,2013,,,
Morocco,MAR,2013,3111.76288654,6.47,4.07
Monaco,MCO,2013,,,
Moldova,MDA,2013,2243.97966244,6.64,6.32
Madagascar,MDG,2013,461.723072174,6.7,4.32
Maldives,MDV,2013,7112.3357501,,
Middle East & North Africa,MEA,2013,8642.94767701,,
Mexico,MEX,2013,10298.8676612,6.79,6.91
Marshall Islands,MHL,2013,3617.75235353,,
Middle income,MIC,2013,5039.63573821,,
"Macedonia, FYR",MKD,2013,5211.4992005,,
Mali,MLI,2013,777.60591389,5.92,5.9
Malta,MLT,2013,23930.1880819,7.62,8.28
Myanmar,MMR,2013,1168.80394673,5.42,2.76
Montenegro,MNE,2013,7186.42978682,7.12,5.94
Mongolia,MNG,2013,4385.37935469,7.2,6.51
Northern Mariana Islands,MNP,2013,14434.8212303,,
Mozambique,MOZ,2013,605.985608081,5.85,4.77
Mauritania,MRT,2013,1450.57803807,5.48,4.17
Mauritius,MUS,2013,9637.00265001,8.08,8.17
Malawi,MWI,2013,332.922303904,5.77,6.0
Malaysia,MYS,2013,10882.2784208,7.22,6.49
North America,NAC,2013,52755.7792523,,
Namibia,NAM,2013,5488.13171199,6.76,6.24
New Caledonia,NCL,2013,,,
Niger,NER,2013,416.140083772,6.4,4.08
Nigeria,NGA,2013,2996.96430245,6.45,3.77
Nicaragua,NIC,2013,1847.19804869,7.43,5.46
Netherlands,NLD,2013,51574.4894185,7.51,8.84
Norway,NOR,2013,102910.435039,7.51,9.93
Nepal,NPL,2013,688.617278797,6.46,4.77
Nauru,NRU,2013,10036.183205,,
New Zealand,NZL,2013,42889.8814066,8.36,9.26
Oman,OMN,2013,21268.7564036,7.2,3.26
Other small states,OSS,2013,15316.0351113,,
Pakistan,PAK,2013,1272.441061,6.27,4.64
Panama,PAN,2013,11685.9798273,7.37,7.08
Peru,PER,2013,6583.11624846,7.34,6.54
Philippines,PHL,2013,2760.28914607,7.14,6.41
Palau,PLW,2013,10932.1223709,,
Papua New Guinea,PNG,2013,2029.95360446,,6.36
Poland,POL,2013,13780.5491146,7.26,7.12
Puerto Rico,PRI,2013,28703.7483472,,
"Korea, Dem. People’s Rep.",PRK,2013,,,
Portugal,PRT,2013,21618.735339,7.43,7.65
Paraguay,PRY,2013,4479.90585799,6.94,6.26
West Bank and Gaza,PSE,2013,2992.20099455,,
French Polynesia,PYF,2013,,,
Qatar,QAT,2013,88304.8795754,7.77,3.18
Romania,ROU,2013,9585.26659265,7.54,6.54
Russian Federation,RUS,2013,15543.6765317,,
Rwanda,RWA,2013,688.876855733,7.38,3.38
South Asia,SAS,2013,1386.54242194,,
Saudi Arabia,SAU,2013,24934.3861421,6.95,1.82
Sudan,SDN,2013,1955.66079918,,2.54
Senegal,SEN,2013,1048.91235053,6.37,6.15
Singapore,SGP,2013,56029.1891416,8.52,5.92
Solomon Islands,SLB,2013,1880.5158997,,
Sierra Leone,SLE,2013,710.818699843,6.08,4.64
El Salvador,SLV,2013,3895.66449099,7.26,6.53
San Marino,SMR,2013,,,
Somalia,SOM,2013,407.543235411,,
Serbia,SRB,2013,6353.82638279,6.65,6.67
South Sudan,SSD,2013,1186.10132462,,
Sub-Saharan Africa,SSF,2013,1777.80748484,,
Small states,SST,2013,13526.3009669,,
Sao Tome and Principe,STP,2013,1619.53267761,,
Suriname,SUR,2013,9484.56809776,6.74,6.77
Slovak Republic,SVK,2013,18191.6127862,,
Slovenia,SVN,2013,23150.3179893,6.42,7.88
Sweden,SWE,2013,60283.2452227,7.33,9.73
Swaziland,SWZ,2013,3598.70597236,6.68,3.2
Sint Maarten (Dutch part),SXM,2013,,,
Seychelles,SYC,2013,15687.3479495,7.27,
Syrian Arab Republic,SYR,2013,,,
Turks and Caicos Islands,TCA,2013,,,
Chad,TCD,2013,986.010317729,5.13,1.5
Togo,TGO,2013,579.434805039,6.03,3.45
Thailand,THA,2013,6171.26244434,6.55,6.25
Tajikistan,TJK,2013,1040.21441229,6.81,2.51
Turkmenistan,TKM,2013,7304.42052463,,1.72
Timor-Leste,TLS,2013,1107.76567379,6.17,7.24
Tonga,TON,2013,4266.55717395,,
Trinidad and Tobago,TTO,2013,19607.8328329,,6.99
Tunisia,TUN,2013,4199.47025313,6.41,5.76
Turkey,TUR,2013,12542.9356514,6.86,5.63
Tuvalu,TUV,2013,3542.13508909,,
Tanzania,TZA,2013,901.731430291,6.84,5.77
Uganda,UGA,2013,662.492290297,7.3,5.22
Ukraine,UKR,2013,4029.71550372,6.17,5.84
Upper middle income,UMC,2013,8516.52738125,,
Uruguay,URY,2013,16881.2056763,7.18,8.17
United States,USA,2013,52787.026949,7.68,8.11
Uzbekistan,UZB,2013,1907.55123336,,1.72
St. Vincent and the Grenadines,VCT,2013,6597.21138079,,
"Venezuela, RB",VEN,2013,12237.2240642,,
British Virgin Islands,VGB,2013,,,
Virgin Islands (U.S.),VIR,2013,35937.6342649,,
Vietnam,VNM,2013,1907.56438168,6.46,3.29
Vanuatu,VUT,2013,3167.34305592,,
World,WLD,2013,10709.4734294,,
Samoa,WSM,2013,4219.0651231,,
Kosovo,XKX,2013,3877.03108697,,
"Yemen, Rep.",YEM,2013,1580.18160063,6.4,
South Africa,ZAF,2013,6876.9538207,6.74,8.75
Zambia,ZMB,2013,1850.79335944,6.99,6.26
Zimbabwe,ZWE,2013,1011.22739597,5.13,2.67
Aruba,ABW,2014,,,
Afghanistan,AFG,2014,612.069651391,,2.77
Angola,AGO,2014,4709.31202367,5.08,3.35
Albania,ALB,2014,4575.76378666,7.4,5.67
Andorra,AND,2014,,,
Arab World,ARB,2014,7446.36966072,,
United Arab Emirates,ARE,2014,44449.7403487,,2.64
Argentina,ARG,2014,12245.2564488,4.81,6.84
Armenia,ARM,2014,3994.7123548,7.71,4.13
American Samoa,ASM,2014,11508.5592655,,
Antigua and Barbuda,ATG,2014,12888.2966709,,
Australia,AUS,2014,62214.6091208,7.93,9.01
Austria,AUT,2014,51322.6399729,7.56,8.54
Azerbaijan,AZE,2014,7891.29977559,6.55,2.83
Burundi,BDI,2014,312.748979387,6.05,3.33
Belgium,BEL,2014,47439.3968355,7.51,7.93
Benin,BEN,2014,943.686575031,6.22,5.65
Burkina Faso,BFA,2014,705.146411322,6.02,4.09
Bangladesh,BGD,2014,1084.5654298,6.35,5.78
Bulgaria,BGR,2014,7853.33519086,7.39,6.73
Bahrain,BHR,2014,24983.3790153,7.6,2.87
"Bahamas, The",BHS,2014,22550.2330121,,
Bosnia and Herzegovina,BIH,2014,5193.90493232,6.85,
Belarus,BLR,2014,8318.42929409,,3.69
Belize,BLZ,2014,4852.22366603,6.34,
Bermuda,BMU,2014,,,
Bolivia,BOL,2014,3124.00030983,6.34,5.79
Brazil,BRA,2014,12026.6173095,6.27,7.38
Barbados,BRB,2014,15359.6697073,,
Brunei Darussalam,BRN,2014,41590.8650227,7.25,
Bhutan,BTN,2014,2522.79600818,7.07,4.87
Botswana,BWA,2014,7497.76237635,7.27,7.87
Central African Republic,CAF,2014,377.13202742,,1.49
Canada,CAN,2014,50440.4337553,7.98,9.08
Switzerland,CHE,2014,85814.5885736,8.25,9.09
Channel Islands,CHI,2014,,,
Chile,CHL,2014,14817.3777769,7.83,7.8
China,CHN,2014,7683.50203796,6.45,3.0
Cote d'Ivoire,CIV,2014,1569.92827533,6.01,
Cameroon,CMR,2014,1441.14010712,6.25,3.41
"Congo, Dem. Rep.",COD,2014,461.568085294,,
"Congo, Rep.",COG,2014,2910.5201529,,
Colombia,COL,2014,7913.38343249,6.43,6.55
Comoros,COM,2014,852.954307863,,3.52
Cabo Verde,CPV,2014,3529.61840306,,
Costa Rica,CRI,2014,10647.4417946,7.56,8.03
Cuba,CUB,2014,7050.50199012,,3.52
Curacao,CUW,2014,,,
Cayman Islands,CYM,2014,,,
Cyprus,CYP,2014,27340.8838161,7.32,7.4
Czech Republic,CZE,2014,19744.5586092,,7.94
Germany,DEU,2014,47902.6528843,7.55,8.64
Djibouti,DJI,2014,1740.9150109,,2.99
Dominica,DMA,2014,7257.39514281,,
Denmark,DNK,2014,62425.5392007,7.67,9.11
Dominican Republic,DOM,2014,6268.69212178,,6.67
Algeria,DZA,2014,5470.85100707,5.15,3.83
Ecuador,ECU,2014,6432.21653724,5.76,5.87
"Egypt, Arab Rep.",EGY,2014,3327.75424726,,
Euro area,EMU,2014,39765.193747,,
Eritrea,ERI,2014,,,2.44
Spain,ESP,2014,29600.4722483,7.38,8.05
Estonia,EST,2014,19941.4553224,7.7,7.74
Ethiopia,ETH,2014,571.162275886,5.6,3.72
Finland,FIN,2014,49914.6186422,7.68,9.03
Fiji,FJI,2014,5046.03728027,6.99,5.61
France,FRA,2014,42955.2428656,7.3,8.04
Faroe Islands,FRO,2014,,,
"Micronesia, Fed. Sts.",FSM,2014,3057.94356583,,
Gabon,GAB,2014,9692.16387377,5.71,3.76
United Kingdom,GBR,2014,46412.1172714,7.93,8.31
Georgia,GEO,2014,4429.65007451,7.98,5.82
Ghana,GHA,2014,1432.22794256,6.41,6.33
Gibraltar,GIB,2014,,,
Guinea,GIN,2014,561.099738732,5.1,3.01
"Gambia, The",GMB,2014,442.746689933,7.11,
Guinea-Bissau,GNB,2014,642.625615352,6.08,1.93
Equatorial Guinea,GNQ,2014,19002.5973267,,1.66
Greece,GRC,2014,21673.7810702,6.93,7.45
Grenada,GRD,2014,8569.77699776,,
Greenland,GRL,2014,45317.1142868,,
Guatemala,GTM,2014,3687.76376677,7.5,5.81
Guam,GUM,2014,34578.5160934,,
Guyana,GUY,2014,4030.80232062,5.98,5.91
"Hong Kong SAR, China",HKG,2014,40247.3669146,,
Honduras,HND,2014,2242.71191195,7.24,5.84
Croatia,HRV,2014,13467.4682687,7.0,6.93
Haiti,HTI,2014,830.114811748,6.99,3.82
Hungary,HUN,2014,14117.9766762,7.3,6.9
Indonesia,IDN,2014,3491.59588685,7.02,6.95
Isle of Man,IMN,2014,89941.6442852,,
India,IND,2014,1573.11808898,6.5,7.92
Ireland,IRL,2014,55503.3262279,7.98,8.72
"Iran, Islamic Rep.",IRN,2014,5424.30997419,,
Iraq,IRQ,2014,6703.07473723,,4.23
Iceland,ISL,2014,52473.1135645,7.06,9.58
Israel,ISR,2014,37582.8462414,7.39,7.63
Italy,ITA,2014,35396.6651677,7.17,7.85
Jamaica,JAM,2014,4855.74378888,7.21,7.39
Jordan,JOR,2014,4066.94077543,7.82,3.76
Japan,JPN,2014,38096.2115051,7.42,8.08
Kazakhstan,KAZ,2014,12806.5651078,7.35,3.17
Kenya,KEN,2014,1335.06458007,7.14,5.13
Kyrgyz Republic,KGZ,2014,1279.76978266,7.16,5.24
Cambodia,KHM,2014,1098.68712311,7.2,4.78
Kiribati,KIR,2014,1684.50427437,,
St. Kitts and Nevis,KNA,2014,15775.845944,,
"Korea, Rep.",KOR,2014,27811.3663838,,
Kuwait,KWT,2014,42996.4081162,7.14,3.78
Lao PDR,LAO,2014,2017.56334382,,
Lebanon,LBN,2014,8161.4614003,7.06,5.12
Liberia,LBR,2014,458.465173387,7.22,4.95
Libya,LBY,2014,,4.58,3.8
St. Lucia,LCA,2014,7857.27679601,,
Low income,LIC,2014,656.16624129,,
Liechtenstein,LIE,2014,179478.584828,,
Sri Lanka,LKA,2014,3820.54099419,6.52,5.69
Lower middle income,LMC,2014,2072.76383051,,
Low & middle income,LMY,2014,4685.00470645,,
Lesotho,LSO,2014,1174.83921427,6.66,6.66
Late-demographic dividend,LTE,2014,8811.36246918,,
Lithuania,LTU,2014,16554.9713919,7.81,7.54
Luxembourg,LUX,2014,119172.741757,7.65,8.88
Latvia,LVA,2014,15725.0137425,7.57,7.48
"Macao SAR, China",MAC,2014,94004.3898288,,
St. Martin (French part),MAF,2014,,,
Morocco,MAR,2014,3154.51348421,6.42,4.0
Monaco,MCO,2014,,,
Moldova,MDA,2014,2244.76376248,6.72,6.32
Madagascar,MDG,2014,452.463192575,6.54,4.42
Maldives,MDV,2014,7716.20401546,,
Middle East & North Africa,MEA,2014,8436.96531397,,
Mexico,MEX,2014,10452.2776577,6.88,6.68
Marshall Islands,MHL,2014,3461.64505274,,
Middle income,MIC,2014,5152.03429113,,
"Macedonia, FYR",MKD,2014,5469.21789842,,
Mali,MLI,2014,825.572991487,5.97,5.79
Malta,MLT,2014,26180.9259852,7.74,8.39
Myanmar,MMR,2014,1262.89378168,5.39,3.05
Montenegro,MNE,2014,7378.34528903,7.27,5.94
Mongolia,MNG,2014,4181.58332106,7.39,6.62
Northern Mariana Islands,MNP,2014,15348.461482,,
Mozambique,MOZ,2014,623.287114146,5.81,4.66
Mauritania,MRT,2014,1326.66880206,5.63,4.17
Mauritius,MUS,2014,10153.9382185,7.98,8.17
Malawi,MWI,2014,354.725396089,5.79,5.66
Malaysia,MYS,2014,11183.961912,7.25,6.49
North America,NAC,2014,54187.4940946,,
Namibia,NAM,2014,5421.34395342,6.8,6.24
New Caledonia,NCL,2014,,,
Niger,NER,2014,430.604649788,6.05,4.02
Nigeria,NGA,2014,3221.6781282,6.45,3.76
Nicaragua,NIC,2014,1975.46470749,7.39,5.32
Netherlands,NLD,2014,52157.4068702,7.63,8.92
Norway,NOR,2014,97005.498562,7.51,9.93
Nepal,NPL,2014,706.238697681,6.54,4.77
Nauru,NRU,2014,9872.63831365,,
New Zealand,NZL,2014,44503.2467326,8.35,9.26
Oman,OMN,2014,20458.4522649,7.27,3.15
Other small states,OSS,2014,15452.4222949,,
Pakistan,PAK,2014,1316.98096583,6.01,4.64
Panama,PAN,2014,12593.7370421,7.47,7.08
Peru,PER,2014,6491.05245028,7.35,6.54
Philippines,PHL,2014,2842.93835295,7.01,6.77
Palau,PLW,2014,11894.3775481,,
Papua New Guinea,PNG,2014,2182.71656543,,6.03
Poland,POL,2014,14341.6705004,7.42,7.47
Puerto Rico,PRI,2014,,,
"Korea, Dem. People’s Rep.",PRK,2014,,,
Portugal,PRT,2014,22077.5361325,7.49,7.79
Paraguay,PRY,2014,4712.82273563,6.88,6.26
West Bank and Gaza,PSE,2014,2960.77800405,,
French Polynesia,PYF,2014,,,
Qatar,QAT,2014,86852.7101892,7.91,3.18
Romania,ROU,2014,10020.2773323,7.66,6.68
Russian Federation,RUS,2014,14125.9060978,,
Rwanda,RWA,2014,706.569951658,7.38,3.25
South Asia,SAS,2014,1496.71376572,,
Saudi Arabia,SAU,2014,24575.4030374,6.95,1.82
Sudan,SDN,2014,2176.89802875,,2.54
Senegal,SEN,2014,1052.44387304,6.42,6.15
Singapore,SGP,2014,56336.0723408,8.71,6.03
Solomon Islands,SLB,2014,2009.65262249,,
Sierra Leone,SLE,2014,708.439475708,5.92,4.56
El Salvador,SLV,2014,3988.77187106,7.4,6.53
San Marino,SMR,2014,,,
Somalia,SOM,2014,417.890014338,,
Serbia,SRB,2014,6200.17322102,6.68,6.71
South Sudan,SSD,2014,1151.86171519,,
Sub-Saharan Africa,SSF,2014,1813.83433984,,
Small states,SST,2014,13642.3554566,,
Sao Tome and Principe,STP,2014,1821.8787339,,
Suriname,SUR,2014,9564.40638297,6.73,6.77
Slovak Republic,SVK,2014,18595.1511139,,
Slovenia,SVN,2014,24020.6728561,6.73,7.57
Sweden,SWE,2014,59180.1989777,7.46,9.73
Swaziland,SWZ,2014,3464.03516903,6.77,3.09
Sint Maarten (Dutch part),SXM,2014,,,
Seychelles,SYC,2014,15570.7789223,7.48,
Syrian Arab Republic,SYR,2014,,,
Turks and Caicos Islands,TCA,2014,,,
Chad,TCD,2014,1025.99851472,5.12,1.5
Togo,TGO,2014,620.131848879,5.89,3.45
Thailand,THA,2014,5941.84070966,6.56,5.39
Tajikistan,TJK,2014,1104.4590189,6.97,2.37
Turkmenistan,TKM,2014,7962.3658244,,1.83
Timor-Leste,TLS,2014,1153.5157081,6.14,7.24
Tonga,TON,2014,4192.34975785,,
Trinidad and Tobago,TTO,2014,19325.2428277,,6.99
Tunisia,TUN,2014,4271.68170238,6.54,6.31
Turkey,TUR,2014,12127.2252151,6.86,5.12
Tuvalu,TUV,2014,3415.81315754,,
Tanzania,TZA,2014,950.374313843,6.84,5.77
Uganda,UGA,2014,719.172669004,7.34,5.22
Ukraine,UKR,2014,3104.65829575,6.0,5.42
Upper middle income,UMC,2014,8696.98852283,,
Uruguay,URY,2014,16737.89827,7.08,8.17
United States,USA,2014,54598.5506888,7.75,8.11
Uzbekistan,UZB,2014,2050.44841385,,2.45
St. Vincent and the Grenadines,VCT,2014,6656.29831483,,
"Venezuela, RB",VEN,2014,,,
British Virgin Islands,VGB,2014,,,
Virgin Islands (U.S.),VIR,2014,34789.2867428,,
Vietnam,VNM,2014,2052.3190838,6.43,3.41
Vanuatu,VUT,2014,3148.36510323,,
World,WLD,2014,10850.222728,,
Samoa,WSM,2014,4178.97336868,,
Kosovo,XKX,2014,4054.72133938,,
"Yemen, Rep.",YEM,2014,1647.03365675,6.44,
South Africa,ZAF,2014,6479.62565863,6.64,7.82
Zambia,ZMB,2014,1738.08820162,7.04,6.39
Zimbabwe,ZWE,2014,1027.4074622,5.28,2.78
Aruba,ABW,2015,,,
Afghanistan,AFG,2015,584.025902056,,2.77
Angola,AGO,2015,3695.79374815,,3.35
Albania,ALB,2015,3954.02278326,,5.91
Andorra,AND,2015,,,
Arab World,ARB,2015,6430.07195737,,
United Arab Emirates,ARE,2015,39101.7468901,,2.75
Argentina,ARG,2015,13467.102357,,7.02
Armenia,ARM,2015,3609.65477583,,4.0
American Samoa,ASM,2015,11541.8549796,,
Antigua and Barbuda,ATG,2015,13566.9054061,,
Australia,AUS,2015,56554.0387612,,9.01
Austria,AUT,2015,43665.0094708,,8.54
Azerbaijan,AZE,2015,5500.31038244,,2.71
Burundi,BDI,2015,303.681022254,,2.49
Belgium,BEL,2015,40356.8750027,,7.93
Benin,BEN,2015,783.947090952,,5.72
Burkina Faso,BFA,2015,615.592225012,,4.7
Bangladesh,BGD,2015,1210.15812047,,5.73
Bulgaria,BGR,2015,6993.47735976,,7.14
Bahrain,BHR,2015,22688.8782443,,2.79
"Bahamas, The",BHS,2015,22888.1340509,,
Bosnia and Herzegovina,BIH,2015,4574.09078735,,
Belarus,BLR,2015,5949.1106775,,3.62
Belize,BLZ,2015,4849.99749505,,
Bermuda,BMU,2015,,,
Bolivia,BOL,2015,3077.02619917,,5.75
Brazil,BRA,2015,8757.20620229,,6.96
Barbados,BRB,2015,15557.8308124,,
Brunei Darussalam,BRN,2015,30967.8905064,,
Bhutan,BTN,2015,2613.64517682,,4.93
Botswana,BWA,2015,6532.06050137,,7.87
Central African Republic,CAF,2015,348.381417034,,1.57
Canada,CAN,2015,43315.7004418,,9.08
Switzerland,CHE,2015,80989.8402358,,9.09
Channel Islands,CHI,2015,,,
Chile,CHL,2015,13653.2263999,,7.84
China,CHN,2015,8069.21193773,,3.14
Cote d'Ivoire,CIV,2015,1420.62688439,,
Cameroon,CMR,2015,1244.42942057,,3.66
"Congo, Dem. Rep.",COD,2015,474.936048106,,
"Congo, Rep.",COG,2015,1712.1211314,,
Colombia,COL,2015,6044.52555567,,6.62
Comoros,COM,2015,727.646386827,,3.71
Cabo Verde,CPV,2015,2954.11946734,,7.81
Costa Rica,CRI,2015,11406.3627271,,7.96
Cuba,CUB,2015,7602.26121832,,3.52
Curacao,CUW,2015,,,
Cayman Islands,CYM,2015,,,
Cyprus,CYP,2015,23075.1126993,,7.53
Czech Republic,CZE,2015,17556.9243042,,7.94
Germany,DEU,2015,41176.8815765,,8.64
Djibouti,DJI,2015,1862.16727373,,2.9
Dominica,DMA,2015,7069.50278783,,
Denmark,DNK,2015,53014.6441616,,9.11
Dominican Republic,DOM,2015,6468.47164839,,6.67
Algeria,DZA,2015,4132.76029209,,3.95
Ecuador,ECU,2015,6205.06222356,,5.87
"Egypt, Arab Rep.",EGY,2015,3547.71301184,,
Euro area,EMU,2015,34213.5121378,,
Eritrea,ERI,2015,,,2.37
Spain,ESP,2015,25683.845653,,8.3
Estonia,EST,2015,17074.9209104,,7.85
Ethiopia,ETH,2015,645.463762722,,3.83
Finland,FIN,2015,42405.3974428,,9.03
Fiji,FJI,2015,4921.89620879,,5.69
France,FRA,2015,36526.7701083,,7.92
Faroe Islands,FRO,2015,,,
"Micronesia, Fed. Sts.",FSM,2015,3016.01122251,,
Gabon,GAB,2015,7388.98414439,,3.76
United Kingdom,GBR,2015,43929.6908131,,8.31
Georgia,GEO,2015,3764.64091159,,5.88
Ghana,GHA,2015,1361.11390505,,6.86
Gibraltar,GIB,2015,,,
Guinea,GIN,2015,554.040876644,,3.14
"Gambia, The",GMB,2015,474.71655872,,
Guinea-Bissau,GNB,2015,596.871718873,,1.93
Equatorial Guinea,GNQ,2015,10347.3125726,,1.77
Greece,GRC,2015,18007.7899089,,7.45
Grenada,GRD,2015,9212.19282434,,
Greenland,GRL,2015,39569.1057905,,
Guatemala,GTM,2015,3923.57334365,,5.92
Guam,GUM,2015,35439.4704475,,
Guyana,GUY,2015,4136.68991876,,6.05
"Hong Kong SAR, China",HKG,2015,42351.0245957,,
Honduras,HND,2015,2326.15850619,,5.84
Croatia,HRV,2015,11579.6670403,,6.93
Haiti,HTI,2015,814.546395217,,3.94
Hungary,HUN,2015,12365.6260256,,6.84
Indonesia,IDN,2015,3336.1066861,,7.03
Isle of Man,IMN,2015,,,
India,IND,2015,1613.18870761,,7.74
Ireland,IRL,2015,60664.1043992,,8.85
"Iran, Islamic Rep.",IRN,2015,4957.58127646,,
Iraq,IRQ,2015,4974.02693017,,4.08
Iceland,ISL,2015,50734.4435967,,9.58
Israel,ISR,2015,35729.3725286,,7.77
Italy,ITA,2015,30049.1475452,,7.98
Jamaica,JAM,2015,4965.9898569,,7.39
Jordan,JOR,2015,4096.099275,,3.86
Japan,JPN,2015,34474.13736,,7.96
Kazakhstan,KAZ,2015,10509.9810699,,3.06
Kenya,KEN,2015,1349.97014384,,5.33
Kyrgyz Republic,KGZ,2015,1121.08283511,,5.33
Cambodia,KHM,2015,1163.18977018,,4.27
Kiribati,KIR,2015,1424.48361073,,
St. Kitts and Nevis,KNA,2015,16144.9778138,,
"Korea, Rep.",KOR,2015,27105.0762263,,
Kuwait,KWT,2015,28975.4010764,,3.85
Lao PDR,LAO,2015,2159.42297764,,
Lebanon,LBN,2015,8046.63285144,,4.86
Liberia,LBR,2015,452.038071651,,4.95
Libya,LBY,2015,,,2.25
St. Lucia,LCA,2015,8076.11313219,,
Low income,LIC,2015,625.617385736,,
Liechtenstein,LIE,2015,,,
Sri Lanka,LKA,2015,3844.89122995,,6.42
Lower middle income,LMC,2015,2031.86644364,,
Low & middle income,LMY,2015,4389.28687123,,
Lesotho,LSO,2015,1073.82809348,,6.59
Late-demographic dividend,LTE,2015,8200.77600116,,
Lithuania,LTU,2015,14252.4285256,,7.54
Luxembourg,LUX,2015,101909.822326,,8.88
Latvia,LVA,2015,13666.5833641,,7.37
"Macao SAR, China",MAC,2015,75573.4807144,,
St. Martin (French part),MAF,2015,,,
Morocco,MAR,2015,2847.28556871,,4.66
Monaco,MCO,2015,,,
Moldova,MDA,2015,1832.4990519,,6.35
Madagascar,MDG,2015,401.857595061,,4.85
Maldives,MDV,2015,8395.7851975,,
Middle East & North Africa,MEA,2015,7350.73434312,,
Mexico,MEX,2015,9143.12849377,,6.55
Marshall Islands,MHL,2015,3385.90406461,,
Middle income,MIC,2015,4831.53238078,,
"Macedonia, FYR",MKD,2015,4834.13672297,,
Mali,MLI,2015,729.720533846,,5.7
Malta,MLT,2015,23819.4635962,,8.39
Myanmar,MMR,2015,1194.59013673,,4.14
Montenegro,MNE,2015,6461.19255427,,6.01
Mongolia,MNG,2015,3944.18003872,,6.62
Northern Mariana Islands,MNP,2015,16819.9065966,,
Mozambique,MOZ,2015,528.312559714,,4.6
Mauritania,MRT,2015,1158.25646878,,3.96
Mauritius,MUS,2015,9252.11072429,,8.28
Malawi,MWI,2015,362.657544352,,5.55
Malaysia,MYS,2015,9643.64468338,,6.43
North America,NAC,2015,54918.0832793,,
Namibia,NAM,2015,4737.66990632,,6.31
New Caledonia,NCL,2015,,,
Niger,NER,2015,358.997030071,,3.85
Nigeria,NGA,2015,2655.15797701,,4.62
Nicaragua,NIC,2015,2095.96648815,,5.26
Netherlands,NLD,2015,44292.8847319,,8.92
Norway,NOR,2015,74505.2465397,,9.93
Nepal,NPL,2015,743.765348858,,4.77
Nauru,NRU,2015,8052.88838547,,
New Zealand,NZL,2015,38201.8903655,,9.26
Oman,OMN,2015,16627.3643321,,3.04
Other small states,OSS,2015,12555.7477822,,
Pakistan,PAK,2015,1431.24486453,,4.4
Panama,PAN,2015,13134.0436692,,7.19
Peru,PER,2015,6030.3432595,,6.58
Philippines,PHL,2015,2878.33837047,,6.84
Palau,PLW,2015,13500.5636979,,
Papua New Guinea,PNG,2015,,,6.03
Poland,POL,2015,12565.9875975,,7.09
Puerto Rico,PRI,2015,,,
"Korea, Dem. People’s Rep.",PRK,2015,,,
Portugal,PRT,2015,19220.0068081,,7.79
Paraguay,PRY,2015,4109.36772421,,6.33
West Bank and Gaza,PSE,2015,2865.80510852,,
French Polynesia,PYF,2015,,,
Qatar,QAT,2015,66346.5226686,,3.18
Romania,ROU,2015,8958.78859288,,6.68
Russian Federation,RUS,2015,9329.29835135,,
Rwanda,RWA,2015,710.348390659,,3.07
South Asia,SAS,2015,1550.86324999,,
Saudi Arabia,SAU,2015,20732.8617219,,1.93
Sudan,SDN,2015,2513.88466118,,2.37
Senegal,SEN,2015,908.725614527,,6.08
Singapore,SGP,2015,53629.7374603,,6.14
Solomon Islands,SLB,2015,1922.04138819,,
Sierra Leone,SLE,2015,587.503823327,,4.55
El Salvador,SLV,2015,4127.11774995,,6.64
San Marino,SMR,2015,,,
Somalia,SOM,2015,426.009853662,,
Serbia,SRB,2015,5237.25533423,,6.71
South Sudan,SSD,2015,758.720578206,,
Sub-Saharan Africa,SSF,2015,1592.2444266,,
Small states,SST,2015,11407.0246952,,
Sao Tome and Principe,STP,2015,1624.60396253,,
Suriname,SUR,2015,8818.98256582,,6.77
Slovak Republic,SVK,2015,16089.7484602,,
Slovenia,SVN,2015,20729.8638262,,7.57
Sweden,SWE,2015,50585.2584706,,9.45
Swaziland,SWZ,2015,3136.92511032,,3.09
Sint Maarten (Dutch part),SXM,2015,,,
Seychelles,SYC,2015,15390.0406383,,
Syrian Arab Republic,SYR,2015,,,
Turks and Caicos Islands,TCA,2015,,,
Chad,TCD,2015,777.248705123,,1.5
Togo,TGO,2015,551.130834551,,3.41
Thailand,THA,2015,5814.86313442,,5.09
Tajikistan,TJK,2015,918.677154325,,1.95
Turkmenistan,TKM,2015,6432.66876792,,1.83
Timor-Leste,TLS,2015,1161.76093513,,7.24
Tonga,TON,2015,4093.77538663,,
Trinidad and Tobago,TTO,2015,17321.8337318,,7.1
Tunisia,TUN,2015,3828.09158902,,6.72
Turkey,TUR,2015,10979.5256914,,5.12
Tuvalu,TUV,2015,2970.02797384,,
Tanzania,TZA,2015,872.294093321,,5.58
Uganda,UGA,2015,693.896382857,,5.22
Ukraine,UKR,2015,2124.66266591,,5.7
Upper middle income,UMC,2015,8076.64871973,,
Uruguay,URY,2015,15524.8424663,,8.17
United States,USA,2015,56207.0367473,,8.05
Uzbekistan,UZB,2015,2137.5768523,,1.95
St. Vincent and the Grenadines,VCT,2015,6739.60582482,,
"Venezuela, RB",VEN,2015,,,
British Virgin Islands,VGB,2015,,,
Virgin Islands (U.S.),VIR,2015,36350.8216348,,
Vietnam,VNM,2015,2107.01292735,,3.53
Vanuatu,VUT,2015,2805.83414036,,
World,WLD,2015,10130.1817167,,
Samoa,WSM,2015,4149.36344384,,
Kosovo,XKX,2015,3574.48178231,,
"Yemen, Rep.",YEM,2015,1401.9033193,,
South Africa,ZAF,2015,5769.77257965,,7.56
Zambia,ZMB,2015,1313.88964551,,6.28
Zimbabwe,ZWE,2015,1018.69308293,,3.05
Aruba,ABW,2016,,,
Afghanistan,AFG,2016,561.77874627,,2.55
Angola,AGO,2016,3110.80818263,,3.4
Albania,ALB,2016,4146.89625046,,5.91
Andorra,AND,2016,,,
Arab World,ARB,2016,6153.06954729,,
United Arab Emirates,ARE,2016,37622.2074576,,2.75
Argentina,ARG,2016,12449.2168521,,6.96
Armenia,ARM,2016,3606.15205715,,3.88
American Samoa,ASM,2016,,,
Antigua and Barbuda,ATG,2016,14353.3788139,,
Australia,AUS,2016,49927.8195095,,9.01
Austria,AUT,2016,44176.515216,,8.41
Azerbaijan,AZE,2016,3876.93643264,,2.65
Burundi,BDI,2016,285.727442065,,2.4
Belgium,BEL,2016,41096.1573022,,7.77
Benin,BEN,2016,789.440410686,,5.67
Burkina Faso,BFA,2016,649.730483656,,4.7
Bangladesh,BGD,2016,1358.77975225,,5.73
Bulgaria,BGR,2016,7350.7958009,,7.01
Bahrain,BHR,2016,22354.1670707,,2.79
"Bahamas, The",BHS,2016,23124.3865532,,
Bosnia and Herzegovina,BIH,2016,4708.71826066,,4.87
Belarus,BLR,2016,4989.25461056,,3.54
Belize,BLZ,2016,4810.56590199,,
Bermuda,BMU,2016,,,
Bolivia,BOL,2016,3104.95608914,,5.63
Brazil,BRA,2016,8649.94849175,,6.9
Barbados,BRB,2016,16096.892588,,
Brunei Darussalam,BRN,2016,26938.5033823,,
Bhutan,BTN,2016,2804.00022299,,4.93
Botswana,BWA,2016,6788.04274538,,7.87
Central African Republic,CAF,2016,382.213174318,,1.61
Canada,CAN,2016,42157.927991,,9.15
Switzerland,CHE,2016,78812.6506873,,9.09
Channel Islands,CHI,2016,,,
Chile,CHL,2016,13792.9260544,,7.78
China,CHN,2016,8123.18087255,,3.14
Cote d'Ivoire,CIV,2016,1526.19717484,,
Cameroon,CMR,2016,1032.64872204,,3.46
"Congo, Dem. Rep.",COD,2016,444.505316816,,
"Congo, Rep.",COG,2016,1528.24483012,,
Colombia,COL,2016,5805.60533452,,6.67
Comoros,COM,2016,775.080084705,,3.71
Cabo Verde,CPV,2016,2997.75267954,,
Costa Rica,CRI,2016,11824.638102,,7.88
Cuba,CUB,2016,,,3.46
Curacao,CUW,2016,,,
Cayman Islands,CYM,2016,,,
Cyprus,CYP,2016,23324.2017354,,7.65
Czech Republic,CZE,2016,18266.5496886,,7.82
Germany,DEU,2016,41936.0585755,,8.63
Djibouti,DJI,2016,,,2.83
Dominica,DMA,2016,7144.45467278,,
Denmark,DNK,2016,53417.6642756,,9.2
Dominican Republic,DOM,2016,6722.22353581,,6.67
Algeria,DZA,2016,3843.75232202,,3.56
Ecuador,ECU,2016,5968.98413849,,5.81
"Egypt, Arab Rep.",EGY,2016,3514.49009689,,
Euro area,EMU,2016,34866.0960709,,
Eritrea,ERI,2016,,,2.37
Spain,ESP,2016,26528.4917901,,8.3
Estonia,EST,2016,17574.6873553,,7.85
Ethiopia,ETH,2016,706.757754078,,3.6
Finland,FIN,2016,43090.2475063,,9.03
Fiji,FJI,2016,5153.35154432,,5.64
France,FRA,2016,36854.9682805,,7.92
Faroe Islands,FRO,2016,,,
"Micronesia, Fed. Sts.",FSM,2016,3068.50777133,,
Gabon,GAB,2016,7179.34066115,,3.74
United Kingdom,GBR,2016,39899.3883949,,8.36
Georgia,GEO,2016,3853.64990353,,5.93
Ghana,GHA,2016,1513.46103433,,6.75
Gibraltar,GIB,2016,,,
Guinea,GIN,2016,508.145078427,,3.14
"Gambia, The",GMB,2016,473.190436274,,
Guinea-Bissau,GNB,2016,620.214764744,,1.98
Equatorial Guinea,GNQ,2016,8333.23826312,,1.7
Greece,GRC,2016,18103.9693224,,7.23
Grenada,GRD,2016,9469.2191807,,
Greenland,GRL,2016,,,
Guatemala,GTM,2016,4146.74412863,,5.92
Guam,GUM,2016,,,
Guyana,GUY,2016,4456.55369735,,6.25
"Hong Kong SAR, China",HKG,2016,43681.14058,,
Honduras,HND,2016,2361.15761951,,5.92
Croatia,HRV,2016,12090.6665636,,6.75
Haiti,HTI,2016,739.595436254,,4.02
Hungary,HUN,2016,12664.8474351,,6.72
Indonesia,IDN,2016,3570.29488812,,6.97
Isle of Man,IMN,2016,,,
India,IND,2016,1709.3879212,,7.81
Ireland,IRL,2016,61606.4829394,,9.15
"Iran, Islamic Rep.",IRN,2016,,,
Iraq,IRQ,2016,4609.60069352,,4.08
Iceland,ISL,2016,59976.9425653,,9.5
Israel,ISR,2016,37292.6122173,,7.85
Italy,ITA,2016,30527.268203,,7.98
Jamaica,JAM,2016,4868.24826261,,7.39
Jordan,JOR,2016,4087.93751672,,3.96
Japan,JPN,2016,38894.4677292,,7.99
Kazakhstan,KAZ,2016,7510.07720866,,3.06
Kenya,KEN,2016,1455.35976536,,5.33
Kyrgyz Republic,KGZ,2016,1077.03617433,,
Cambodia,KHM,2016,1269.90723819,,4.27
Kiribati,KIR,2016,1449.05823117,,
St. Kitts and Nevis,KNA,2016,16725.2796475,,
"Korea, Rep.",KOR,2016,27538.8061282,,
Kuwait,KWT,2016,,,3.85
Lao PDR,LAO,2016,2353.15287465,,
Lebanon,LBN,2016,7914.00467748,,4.86
Liberia,LBR,2016,455.370741357,,5.31
Libya,LBY,2016,,,2.25
St. Lucia,LCA,2016,7744.44517264,,
Low income,LIC,2016,615.072801668,,
Liechtenstein,LIE,2016,,,
Sri Lanka,LKA,2016,3835.39481711,,6.48
Lower middle income,LMC,2016,2075.14174999,,
Low & middle income,LMY,2016,4336.9097231,,
Lesotho,LSO,2016,998.134371558,,6.59
Late-demographic dividend,LTE,2016,8144.64578047,,
Lithuania,LTU,2016,14879.680299,,7.47
Luxembourg,LUX,2016,102831.321483,,8.81
Latvia,LVA,2016,14118.0639068,,7.31
"Macao SAR, China",MAC,2016,73186.9601431,,
St. Martin (French part),MAF,2016,,,
Morocco,MAR,2016,2832.42977714,,4.77
Monaco,MCO,2016,,,
Moldova,MDA,2016,1900.20147935,,6.01
Madagascar,MDG,2016,401.318870069,,5.07
Maldives,MDV,2016,8601.63248838,,
Middle East & North Africa,MEA,2016,7124.68857338,,
Mexico,MEX,2016,8201.30625288,,6.47
Marshall Islands,MHL,2016,3448.53578563,,
Middle income,MIC,2016,4781.42037668,,
"Macedonia, FYR",MKD,2016,5237.14767046,,
Mali,MLI,2016,780.507110875,,5.7
Malta,MLT,2016,25058.1706056,,8.39
Myanmar,MMR,2016,1275.01760815,,4.2
Montenegro,MNE,2016,6701.00008024,,5.72
Mongolia,MNG,2016,3686.45169811,,6.62
Northern Mariana Islands,MNP,2016,,,
Mozambique,MOZ,2016,382.069330426,,4.02
Mauritania,MRT,2016,1077.55613626,,3.96
Mauritius,MUS,2016,9627.59578522,,8.28
Malawi,MWI,2016,300.794825113,,5.55
Malaysia,MYS,2016,9502.56839625,,6.54
North America,NAC,2016,55927.8558946,,
Namibia,NAM,2016,4140.46193249,,6.31
New Caledonia,NCL,2016,,,
Niger,NER,2016,363.22697389,,3.96
Nigeria,NGA,2016,2177.98516982,,4.5
Nicaragua,NIC,2016,2151.38204656,,4.81
Netherlands,NLD,2016,45294.7799954,,8.8
Norway,NOR,2016,70812.4774226,,9.93
Nepal,NPL,2016,729.532501133,,4.86
Nauru,NRU,2016,7821.2989177,,
New Zealand,NZL,2016,39426.6234988,,9.26
Oman,OMN,2016,14982.3579235,,3.04
Other small states,OSS,2016,11965.5609055,,
Pakistan,PAK,2016,1468.19294648,,4.33
Panama,PAN,2016,13680.2360069,,7.13
Peru,PER,2016,6045.65007662,,6.65
Philippines,PHL,2016,2951.07192904,,6.94
Palau,PLW,2016,13626.0056736,,
Papua New Guinea,PNG,2016,,,6.03
Poland,POL,2016,12372.4170564,,6.83
Puerto Rico,PRI,2016,,,
"Korea, Dem. People’s Rep.",PRK,2016,,,
Portugal,PRT,2016,19813.3082485,,7.86
Paraguay,PRY,2016,4080.20464394,,6.27
West Bank and Gaza,PSE,2016,2943.40453374,,
French Polynesia,PYF,2016,,,
Qatar,QAT,2016,59330.8599873,,3.18
Romania,ROU,2016,9474.13060441,,6.62
Russian Federation,RUS,2016,8748.36450405,,
Rwanda,RWA,2016,702.835601586,,3.07
South Asia,SAS,2016,1639.71225901,,
Saudi Arabia,SAU,2016,20028.6482072,,1.93
Sudan,SDN,2016,2415.03816213,,2.37
Senegal,SEN,2016,958.073737853,,6.21
Singapore,SGP,2016,52960.7141894,,6.38
Solomon Islands,SLB,2016,2005.48364333,,
Sierra Leone,SLE,2016,496.049463351,,4.55
El Salvador,SLV,2016,4223.58457943,,6.64
San Marino,SMR,2016,,,
Somalia,SOM,2016,434.208809669,,
Serbia,SRB,2016,5348.29406421,,6.57
South Sudan,SSD,2016,,,
Sub-Saharan Africa,SSF,2016,1449.99735756,,
Small states,SST,2016,10883.0928113,,
Sao Tome and Principe,STP,2016,1756.06147005,,
Suriname,SUR,2016,6484.4327311,,6.77
Slovak Republic,SVK,2016,16495.9876837,,
Slovenia,SVN,2016,21304.570162,,7.51
Sweden,SWE,2016,51599.8688678,,9.39
Swaziland,SWZ,2016,2775.15390848,,3.03
Sint Maarten (Dutch part),SXM,2016,,,
Seychelles,SYC,2016,15075.7194366,,
Syrian Arab Republic,SYR,2016,,,
Turks and Caicos Islands,TCA,2016,,,
Chad,TCD,2016,664.295651899,,1.5
Togo,TGO,2016,578.461693649,,3.32
Thailand,THA,2016,5907.91343152,,4.92
Tajikistan,TJK,2016,795.843864368,,1.89
Turkmenistan,TKM,2016,6389.3341428,,1.83
Timor-Leste,TLS,2016,,,7.24
Tonga,TON,2016,3688.87463595,,
Trinidad and Tobago,TTO,2016,15377.0988056,,7.1
Tunisia,TUN,2016,3688.64637468,,6.4
Turkey,TUR,2016,10787.609339,,5.04
Tuvalu,TUV,2016,3083.61525089,,
Tanzania,TZA,2016,879.193814026,,5.76
Uganda,UGA,2016,615.308803183,,5.26
Ukraine,UKR,2016,2185.72803066,,5.7
Upper middle income,UMC,2016,7937.28820926,,
Uruguay,URY,2016,15220.5660251,,8.17
United States,USA,2016,57466.7871132,,7.98
Uzbekistan,UZB,2016,2110.6478724,,1.95
St. Vincent and the Grenadines,VCT,2016,7030.05714506,,
"Venezuela, RB",VEN,2016,,,
British Virgin Islands,VGB,2016,,,
Virgin Islands (U.S.),VIR,2016,,,
Vietnam,VNM,2016,2185.69028246,,3.38
Vanuatu,VUT,2016,2860.56647483,,
World,WLD,2016,10150.7882815,,
Samoa,WSM,2016,4027.76137035,,
Kosovo,XKX,2016,3661.42984742,,
"Yemen, Rep.",YEM,2016,990.334773955,,
South Africa,ZAF,2016,5273.59387968,,7.41
Zambia,ZMB,2016,1178.38790501,,5.99
Zimbabwe,ZWE,2016,1008.59733051,,3.05
